site,forest,lon,lat,soil,bio_1,bio_10,bio_11,bio_12,bio_13,bio_14,bio_15,bio_16,bio_17,bio_18,bio_19,bio_2,bio_3,bio_4,bio_5,bio_6,bio_7,bio_8,bio_9
Cuite_horto,ca,-36.158311,-6.4925,LP,238,247,224,746,180,7,89,521,22,103,149,82,69,913,298,180,118,244,244
Frei_Martinho,ca,-36.4572,-6.3972,LP,257,266,242,516,133,3,102,386,11,87,86,88,70,913,320,194,126,261,261
Picui,ca,-36.3066,-6.5411,LP,248,257,233,451,112,3,97,333,10,69,58,85,69,931,310,187,122,253,254
Nova_Palmeira,ca,-36.4488,-6.643,LP,244,253,229,542,139,3,104,414,10,91,47,87,70,937,306,182,124,250,248
Pedra_Lavrada,ca,-36.4683,-6.7691,LP,248,257,232,443,114,3,105,340,9,72,36,87,70,969,310,186,124,254,248
Sossego,ca,-36.2386,-6.7811,SN,241,250,225,540,140,4,93,397,13,163,73,82,69,967,300,182,118,247,246
Barauna,ca,-36.2411,-6.6413,SN,241,250,226,624,160,5,94,458,15,90,83,83,69,944,301,182,119,247,246
Cajazeiras_Boqueirao,ca,-38.575,-6.9847,LV,277,293,261,925,236,5,101,646,20,103,69,94,66,1061,352,210,142,276,274
Nova_Floresta,ca,-36.1908,-6.4641,LP,239,248,224,686,169,6,90,485,19,94,150,83,69,913,299,180,119,244,245
Cajazeiras_Serra_do_Vital,ca,-38.5841,-7.0477,LV,265,281,249,1039,250,6,98,701,28,119,79,94,66,1069,340,198,141,263,263
Cajazeiras,ca,-38.5427,-6.9105,TC,280,295,264,919,234,5,102,643,18,100,66,94,66,1040,354,213,141,278,278
Sousa,ca,-38.215,-6.7627,TC,285,299,270,899,229,5,102,629,17,79,71,97,68,953,359,217,141,285,282
Pombal,ca,-37.7772,-6.7641,LV,285,297,270,753,188,5,105,558,15,54,67,99,69,921,357,215,141,285,279
Patos,ca,-37.2727,-7.06,LV,276,287,259,686,195,2,113,529,8,149,57,96,69,1034,345,207,138,281,267
Sao_Mamede_Riacho_da_Pia,ca,-37.2413,-6.9933,LV,276,287,259,655,188,2,114,504,7,141,52,96,70,1009,345,207,138,281,267
Teixeira,ca,-37.2516,-7.2086,LP,247,257,230,754,207,3,109,566,11,169,71,96,70,1022,315,178,136,252,244
Taperoa,ca,-36.823,-7.2005,LV,251,262,234,552,146,3,106,419,10,113,38,91,69,1054,317,186,130,259,250
Sao_Joao_do_Cariri,ca,-36.5258,-7.3805,LV,250,262,232,424,101,4,94,301,12,262,48,85,68,1118,313,188,124,259,249
Areia,ca,-35.718,-6.9675,LX,235,245,220,1204,186,23,58,522,73,390,357,70,67,964,287,184,103,243,239
Campina_Grande,ca,-35.9908,-7.2163,LP,238,249,221,653,115,9,65,323,28,238,173,74,68,1032,293,183,109,246,242
Solanea,ca,-35.6055,-6.7405,LX,237,246,222,1165,186,20,59,530,68,402,320,68,67,920,287,187,100,244,241
Bananeiras,ca,-35.6663,-6.7611,LX,235,244,220,1188,188,21,58,534,71,402,331,69,67,926,286,184,101,241,239
Itabaiana,ca,-35.3413,-7.3141,LX,259,270,243,953,146,19,59,418,58,295,272,57,64,975,303,214,89,244,262
Inga,ca,-35.5988,-7.2913,LX,255,266,238,799,128,13,62,376,41,237,251,65,66,1020,304,205,98,239,258
Queimadas,ca,-35.9036,-7.3597,LP,240,251,223,724,123,10,65,341,33,241,208,72,67,1046,294,186,107,249,244
Cabaceiras,ca,-36.2858,-7.4963,SN,248,260,230,396,85,4,77,241,12,187,75,80,67,1125,308,190,118,257,253
Serra_Branca,ca,-36.6755,-7.4911,LV,249,261,231,511,131,3,100,379,11,337,47,87,68,1136,314,186,128,258,248
Sume,ca,-36.8975,-7.6847,LV,250,262,231,579,144,4,94,406,15,148,53,89,67,1205,317,185,132,259,249
Sume_Serra,ca,-36.8802,-7.6633,LV,250,262,231,576,138,4,94,409,14,104,55,90,67,1191,317,185,132,259,249
Boqueirao,ca,-36.1255,-7.4777,SN,248,260,230,445,91,4,72,254,15,189,96,77,67,1115,306,191,114,257,252
Monteiro,ca,-37.0991,-7.8808,LV,248,261,228,670,160,9,88,444,27,145,63,91,66,1279,317,181,136,256,247
Soledade,ca,-36.3647,-7.0533,SN,245,255,228,411,99,3,91,289,10,237,56,83,69,1030,305,184,120,253,249
Juazeirinho,ca,-36.5927,-7.0647,LP,247,257,230,468,120,3,102,351,10,177,42,88,69,1024,310,183,126,254,245
Assuncao,ca,-36.7255,-7.0691,SN,248,258,231,560,148,3,106,428,11,170,39,90,70,1018,312,183,129,255,247
Desterro,ca,-37.0916,-7.2788,LP,251,262,234,674,185,3,107,497,10,147,34,94,69,1059,319,184,135,258,251
Matureia_Pico_do_Jabre,ca,-37.3869,-7.2555,LP,243,254,227,789,206,4,105,590,14,182,80,97,70,1020,313,175,138,248,244
Matureia_Caatinga,ca,-37.3761,-7.2641,LP,243,254,227,789,206,4,105,590,14,182,80,97,70,1020,313,175,138,248,244
Pianco,ca,-37.9094,-7.1869,LP,279,292,262,1096,278,6,105,820,18,98,89,98,68,1066,352,209,143,280,272
Itaporanga,ca,-38.1722,-7.3033,LP,278,293,260,927,228,6,100,639,21,105,77,96,66,1140,352,208,144,278,272
Conceicao,ca,-38.5313,-7.5441,LP,272,289,252,861,211,6,95,587,26,138,69,94,64,1275,348,201,146,275,266
Afogados,ca,-37.6241,-7.7733,LV,258,272,238,636,157,7,92,425,21,82,82,95,66,1270,331,188,142,264,260
Agua_Preta,af,-35.4969,-8.6919,FR,254,266,236,1586,273,35,61,791,112,375,548,56,61,1103,301,209,91,238,257
Aguas_Belas,ca,-37.1624,-9.1421,LP,253,270,228,644,90,13,53,266,42,117,162,79,60,1582,321,191,130,229,262
Arcoverde,ca,-37.058,-8.435,LP,238,253,216,580,106,12,62,308,39,121,91,86,64,1425,307,174,133,247,237
Bom_Nome,ca,-38.6089,-8.0368,LV,266,285,243,720,171,4,88,462,23,155,64,92,62,1452,343,195,148,272,258
Buique,ca,-37.2413,-8.5855,AR,229,244,206,684,121,15,59,347,48,159,104,86,63,1457,299,164,134,238,228
Caetes,ca,-36.7181,-8.7755,LP,222,236,200,744,117,17,53,328,55,257,177,78,63,1371,285,163,122,232,228
Caruaru,ca,-35.9191,-8.24,LP,230,243,211,660,103,10,62,296,32,230,183,69,65,1148,284,177,106,239,234
Cumaru,ca,-35.6969,-8.0058,LP,241,254,224,935,149,16,63,444,51,285,270,65,64,1092,293,191,101,226,245
Gravata,ca,-35.5641,-8.1863,LX,236,249,219,782,116,15,59,345,49,246,220,62,64,1061,286,189,97,221,240
Igarassu,af,-34.9569,-7.8102,AC,260,271,246,1932,302,39,61,898,122,535,616,38,56,888,294,226,67,248,261
Ipojuca,af,-35.018,-8.53,AC,262,273,246,2084,319,47,56,943,151,535,686,40,56,958,298,226,72,249,263
Jaqueira,af,-35.8391,-8.7274,FR,227,241,209,1476,234,32,56,691,105,372,499,64,63,1152,279,178,101,211,231
Moreno,af,-35.1155,-8.1105,FR,256,267,240,1574,239,37,55,708,119,438,493,46,59,952,295,217,77,242,258
Parnamirim,ca,-39.5718,-8.0855,LV,269,289,246,550,134,2,91,357,13,157,28,88,60,1463,344,198,146,271,249
Paudalho,af,-35.0446,-7.915,AC,256,267,241,1521,247,30,61,724,95,422,491,44,59,925,294,219,75,243,258
Petrolina,ca,-40.5478,-9.3278,LX,266,282,245,513,121,2,91,324,8,108,15,86,61,1276,339,197,141,271,247
Sao_Bento,ca,-36.4563,-8.5291,LP,233,247,212,698,113,15,55,325,47,259,162,76,64,1308,294,175,118,243,238
Sao_Caetano,ca,-36.1919,-8.2363,LP,230,244,211,513,83,7,62,248,27,211,122,74,65,1205,288,175,112,240,235
Serra_Talhada,ca,-38.3036,-7.8966,LP,264,281,241,726,165,8,82,443,26,128,97,94,63,1377,340,192,147,270,255
Sertania,ca,-37.2266,-8.0646,LV,250,263,228,563,138,9,87,371,27,133,84,91,65,1355,320,182,138,258,248
Tamandare,af,-35.1774,-8.7286,FR,257,269,241,2176,335,51,56,985,166,565,703,45,58,1010,297,218,78,243,259
Timbauba,af,-35.3794,-7.61,LX,240,251,224,1315,213,28,59,616,85,374,411,58,64,971,286,195,90,226,243
Triunfo,ca,-38.0874,-7.8434,LV,237,252,216,1076,234,13,81,641,43,168,160,95,65,1261,311,167,144,243,228
Jaboatao,af,-35.016053,-8.149438,AC,258,269,243,1928,299,42,57,887,137,515,628,42,57,931,295,222,73,245,260
Abreu,af,-34.970026,-7.910648,AC,257,268,243,1812,286,36,60,847,115,504,584,40,57,901,293,222,70,245,259
Sirinhaem,af,-35.172156,-8.576277,FR,259,271,243,1909,297,44,56,867,142,500,629,47,58,1013,300,219,80,245,261
Rio_Tinto,af,-35.182136,-6.726496,AR,255,264,241,1395,209,25,60,617,89,407,424,52,65,872,295,214,81,249,258
Passira,ca,-35.626666666667,-8.0152777777778,LP,245,258,228,900,141,17,62,421,52,277,258,64,64,1091,296,196,100,229,249
Caruaru_Brejo dos cavalos,ca,-36.083333333333,-8.3691666666667,LP,223,236,204,601,90,10,59,266,33,216,163,71,65,1173,279,170,108,225,227
